{"train_loss": 0.5084533419377297, "train_accuracy": 0.7847867788106831, "val_loss": 0.48606187805524237, "val_accuracy": 0.7811447811447811, "train_map": 0.3114904754448805, "val_map": 0.3042590227016744, "train_auc": 0.5082604820272252, "val_auc": 0.49877001307482843, "epoch": 5, "best_val_map": 0.3064632130716476, "best_val_map_epoch": 1, "_timestamp": 1725542354.2740471, "_runtime": 571.0002980232239, "_step": 4, "_wandb": {"runtime": 635}}