{"train_loss": 0.6062767757877421, "train_accuracy": 0.7896561900545964, "val_loss": 0.47191304148647933, "val_accuracy": 0.7770295548073326, "train_map": 0.3116271615717356, "val_map": 0.30267969046382454, "train_auc": 0.5081371578172184, "val_auc": 0.4949713629176309, "epoch": 10, "best_val_map": 0.3050589102690289, "best_val_map_epoch": 6, "_timestamp": 1725543224.0134337, "_runtime": 307.1946487426758, "_step": 9, "_wandb": {"runtime": 306}}