{"train_loss": 0.4383786906156025, "train_accuracy": 0.8134260344243939, "val_loss": 0.9957231398174949, "val_accuracy": 0.6880570409982175, "train_map": 0.21667926601942025, "val_map": 0.21185183393790294, "train_auc": 0.5095661038175517, "val_auc": 0.4944075767872828, "epoch": 10, "best_val_map": 0.2118798218750484, "best_val_map_epoch": 9, "_timestamp": 1725546075.5417557, "_runtime": 513.9027097225189, "_step": 9, "_wandb": {"runtime": 519}}